{
	"English (Canada)":"https://raw.githubusercontent.com/ARitz-Cracker/aritzcracker-addon-translations/master/arcslots/en_ca.txt",
	"Français (France)":"https://raw.githubusercontent.com/ARitz-Cracker/aritzcracker-addon-translations/master/arcslots/fr_fr.txt",
	"Deutsch (Deutschland)":"https://raw.githubusercontent.com/ARitz-Cracker/aritzcracker-addon-translations/master/arcslots/de_de.txt",
	"Português (Brasil)":"https://raw.githubusercontent.com/ARitz-Cracker/aritzcracker-addon-translations/master/arcslots/pt_br.txt",
	"Русский (Российская Федерация)":"https://raw.githubusercontent.com/ARitz-Cracker/aritzcracker-addon-translations/master/arcslots/ru_ru.txt",
	"Čeština (Česká republika)":"https://raw.githubusercontent.com/ARitz-Cracker/aritzcracker-addon-translations/master/arcslots/cs_cz.txt"
}
