{
	"English (Canada)":"https://raw.githubusercontent.com/ARitz-Cracker/aritzcracker-addon-translations/master/arcbank/en_ca.txt",
	"Deutsch (Deutschland)":"https://raw.githubusercontent.com/ARitz-Cracker/aritzcracker-addon-translations/master/arcbank/de_de.txt",
	"Français (France)":"https://raw.githubusercontent.com/ARitz-Cracker/aritzcracker-addon-translations/master/arcbank/fr_fr.txt",
	"Português (Brasil)":"https://raw.githubusercontent.com/ARitz-Cracker/aritzcracker-addon-translations/master/arcbank/pt_br.txt",
	"한국어 (Korea)":"https://raw.githubusercontent.com/ARitz-Cracker/aritzcracker-addon-translations/master/arcbank/ko_kr.txt",
	"Русский (Российская Федерация)":"https://raw.githubusercontent.com/ARitz-Cracker/aritzcracker-addon-translations/master/arcbank/ru_ru.txt",
	"Türkçe (Türkiye)":"https://raw.githubusercontent.com/ARitz-Cracker/aritzcracker-addon-translations/master/arcbank/tr_tr.txt",
	"ไทย (ประเทศไทย)":"https://raw.githubusercontent.com/ARitz-Cracker/aritzcracker-addon-translations/master/arcbank/th_th.txt"
}
